step,epoch,loss,eval_loss,learning_rate,grad_norm
10,0.17429193899782136,0.17140697240829467,,0.00019984268150178167,0.419921875
20,0.3485838779956427,0.04842744469642639,,0.0001970596567453391,0.18359375
30,0.5228758169934641,0.0419312596321106,,0.0001908924477412211,0.26953125
40,0.6971677559912854,0.036032605171203616,,0.00018155608689592604,0.17578125
50,0.8714596949891068,0.028563255071640016,,0.00016937610560285418,0.1240234375
58,1.0,,0.03705675154924393,,
60,1.0348583877995643,0.03383873105049133,,0.00015477718392178716,0.103515625
70,1.2091503267973855,0.019596980512142183,,0.000138268343236509,0.1337890625
80,1.383442265795207,0.019675752520561217,,0.00012042519817896804,0.162109375
90,1.5577342047930283,0.017578756809234618,,0.00010186988664309023,0.138671875
100,1.7320261437908497,0.01905955821275711,,8.324937766952638e-05,0.1513671875
110,1.906318082788671,0.02061305344104767,,6.521291354147727e-05,0.099609375
116,2.0,,0.03528900444507599,,
120,2.0697167755991286,0.018879248201847075,,4.8389372619249326e-05,0.07958984375
130,2.24400871459695,0.013658446073532105,,3.336534220479961e-05,0.08984375
140,2.418300653594771,0.009838263690471648,,2.0664665970876496e-05,0.091796875
150,2.5925925925925926,0.011124815046787261,,1.0730179075638868e-05,0.09423828125
160,2.766884531590414,0.010014549642801285,,3.908267805490051e-06,0.10595703125
170,2.9411764705882355,0.012271515280008315,,4.3679210588661866e-07,0.13671875
174,3.0,,0.03740270063281059,,
174,3.0,,0.03740270063281059,,
